SQL Test 2 SET B 

-------------------------------------------------------------------------------------------------------------------------------------------------------------------------------------------------------------------------------
 
1. Write a SQL statement to display specific columns  name and commission for all the 
salesmen 

mysql> select name,commission from salesman;
+------------+------------+
| name       | commission |
+------------+------------+
| James Hoog |       0.15 |
| Nail Knite |       0.13 |
| Pit Alex   |       0.11 |
| Mc Lyon    |       0.14 |
| Paul Adam  |       0.13 |
| Lauson Hen |       0.12 |
+------------+------------+
6 rows in set (0.04 sec)

----------------------------------------------------------------------------------------------------------------------------------------------------------------------------------------------------------------------------------------

2. Write a query which will retrieve the information of all customer, who has ‘o’ in their 
name.

 mysql> select * from customer
    -> where cust_name like "%o%";
+-------------+----------------+----------+-------+-------------+
| customer_id | cust_name      | city     | grade | salesman_id |
+-------------+----------------+----------+-------+-------------+
|        3002 | Nick Rimando   | new york |   100 |        5001 |
|        3004 | Fabian Johnson | Paris    |   300 |        5006 |
|        3009 | Geoff Cameron  | Berlin   |   100 |        5003 |
|        3003 | Jozv Altidor   | Moscow   |   200 |        5007 |
+-------------+----------------+----------+-------+-------------+
4 rows in set (0.01 sec)

-----------------------------------------------------------------------------------------------------------------------------------------------------------------------------------------------------------------------------------------------------------------------------------

3. Write a SQL statement to display all the information for those customers with a grade of 
200.

mysql> select * from customer
    -> where grade="200";
+-------------+--------------+------------+-------+-------------+
| customer_id | cust_name    | city       | grade | salesman_id |
+-------------+--------------+------------+-------+-------------+
|        3007 | Brad Davis   | New York   |   200 |        5001 |
|        3005 | Graham Zusi  | California |   200 |        5002 |
|        3003 | Jozv Altidor | Moscow     |   200 |        5007 |
+-------------+--------------+------------+-------+-------------+
3 rows in set (0.01 sec)
 

---------------------------------------------------------------------------------------------------------------------------------------------------------------------------------------------------------------------------------------------------------------------------------------

4. Write a SQL statement to find the total purchase amount of all orders

mysql> select sum(purch_amt) from orders;
+----------------+
| sum(purch_amt) |
+----------------+
|        9706.01 |
+----------------+
1 row in set (0.01 sec)

------------------------------------------------------------------------------------------------------------------------------------------------------------------------------------------------------------------------------------------------------------------------------------------------
 
5. Find all customers with orders on October 5, 2012.

mysql> select * from orders
    -> where ord_date = "2012-10-05";
+--------+-----------+------------+-------------+-------------+
| ord_no | purch_amt | ord_date   | customer_is | salesman_id |
+--------+-----------+------------+-------------+-------------+
|  70001 |    150.50 | 2012-10-05 |        3005 |        5002 |
|  70002 |     65.26 | 2012-10-05 |        3002 |        5001 |
+--------+-----------+------------+-------------+-------------+
2 rows in set (0.01 sec)

--------------------------------------------------------------------------------------------------------------------------------------------------------------------------------------------------------------------------------------------------------------------------------------------------------------------
 
6. Write a SQL statement find the number of customers who gets least a gradation for his/her 
performance 

mysql> select * from customer
    -> order by grade asc limit 1;
+-------------+--------------+----------+-------+-------------+
| customer_id | cust_name    | city     | grade | salesman_id |
+-------------+--------------+----------+-------+-------------+
|        3002 | Nick Rimando | new york |   100 |        5001 |
+-------------+--------------+----------+-------+-------------+
1 row in set (0.01 sec)

----------------------------------------------------------------------------------------------------------------------------------------------------------------------------------------------------------------------------------------------------------------------------------------------------------------------------

7. Write a query to find those customers with their name and those salesmen with their name 
and city who lives in the same city 

mysql> select c.cust_name , s.name ,c.city, s.city from customer c
    -> join salesman s
    -> on c.salesman_id=s.salesman_id
    -> where c.city = s.city;
+----------------+------------+----------+----------+
| cust_name      | name       | city     | city     |
+----------------+------------+----------+----------+
| Nick Rimando   | James Hoog | new york | New York |
| Brad Davis     | James Hoog | New York | New York |
| Fabian Johnson | Mc Lyon    | Paris    | Paris    |
+----------------+------------+----------+----------+
3 rows in set (0.00 sec)

-----------------------------------------------------------------------------------------------------------------------------------------------------------------------------------------------------------------------------------------------------------------------------------

8. Write a SQL statement to display all those orders by the customers not located in the same  
cities where their salesmen live 

mysql> select cust_name , name from customer c
    -> join salesman s
    -> on c.salesman_id=s.salesman_id
    -> where c.city <> s.city;
+---------------+------------+
| cust_name     | name       |
+---------------+------------+
| Graham Zusi   | Nail Knite |
| Julian Green  | Nail Knite |
| Geoff Cameron | Lauson Hen |
| Jozv Altidor  | Paul Adam  |
+---------------+------------+
4 rows in set (0.00 sec)

-------------------------------------------------------------------------------------------------------------------------------------------------------------------------------------------------------------------------------------------------------------------------------------------------------------------------

9. Write statement to print the names of salesmen who served the customers having grade 
more than 200 

mysql> select name, grade from customer
    -> c join salesman s
    -> on c.salesman_id=s.salesman_id
    -> where grade >200;
+------------+-------+
| name       | grade |
+------------+-------+
| Nail Knite |   300 |
| Mc Lyon    |   300 |
+------------+-------+
2 rows in set (0.00 sec)

-------------------------------------------------------------------------------------------------------------------------------------------------------------------------------------------------------------------------------------------------

10. Write a query to display all the orders from the orders table issued by the salesman 'Paul 
Adam'.

mysql> select ord_no from orders o
    -> join salesman s
    -> on o.salesman_id = s.salesman_id
    -> where name = "paul Adam";
Empty set (0.01 sec)


----------------------------------------------------------------------------------------------------------------------------------------------------------------------------------------------------------------------------------------------------------------